title,author
PyQt5 快速入门,王铭东
Python Qt 图形界面编程 - PySide2 PyQt5 PyQt PySide,白月黑羽编程
PyQt5从入门到实践,啥都会一点的研究生
Python Pyqt5最详细入门基础教程(一),落大人无法无天
数据库+PyQt5设计应用全过程,C_Konchok
【GUI学生管理系统】基于Python+PyQt5+MySQL的GUI学生管理系统项目实战教程,兵慌码乱
【已完结】PySide6百炼成真，带你系统性入门Qt,Python调包侠-Bemake
PyQt5界面美化 教程 QtDesigner,ImportThis_
python GUI设计 PyQt5从入门到实践,以教代学
工控系统 PyQt 项目实战 - PyQt5 PyQt6 PySide2 PySide6,白月黑羽编程
Python Qt 图形界面程序开发项目实战   pyqt5 pyside2,白月黑羽编程
PyQt5桌面开发从入门到精通,编程不止Coding
Python/PyQt5/Qtdesigner设计简单网易云界面---全教程,C_Konchok
最最新的 pyqt5 教程，项目驱动学习，更高效（毕业设计推荐）。,银角大王-武沛齐-真身
Python-GUI编程-pyqt5最新详细教程（一）,带火星的小木条啊
PyQt-Fluent-Widgets: 基于 PyQt/PySide 的 Fluent Design 风格组件库,之一Yo
Python/PyQt5/Qtdesigner设计第一款桌面应用---全教程,C_Konchok
【PyQt5教程】PyQt5基础系列课程（适合基础入门）,桩桩计算
Python+Pyside/PyQt实现的GUI桌面应用,有只小新
【图书管理系统】基于Python+PyQt5+SQLite/MySQL的图书管理系统项目实战教程,兵慌码乱
Python-GUI编程-PyQt5 (少),萧曵__
PyDracula 基于PySide6或PyQt6的扁平风python界面,液态酸橙
《Python GUI设计PyQt5从入门到实践》书籍配套视频,potentialzy
YOLOv5检测界面-PyQt5实现,景唯acr
PyQT5快速安装使用入门（搭配QT Designer+Pycharm）,34号大块
Python Qt 图形界面编程 - PySide2 PyQt5 PyQt PySide（应用桌面开发）,小然py57
（2021实测可用）Python+Pycharm+PyQt5实现GUI设计简单操作,letao9370
Python Qt 控件  - 持续更新中 - PySide2 PyQt5 PyQt PySide Pyside6,白月黑羽编程
2023最新 python桌面应用开发（用pyqt5开发亚马逊价格监测平台）,欲戴王冠必承其重-16
Python图形界面 15分钟快速入门PySide/PyQt,辣橙
Python/PyQt5/Qtdesigner设计登录界面——包括登录和注册界面切换,C_Konchok
零基础快速上手 PyQt5（Qt Designer）,回不去的那个世界
9.4、用PyQt给Pytorch做一个好看的界面(源码分享)【小学生都会的Pytorch】,Leo在这
当YOLO遇上PyQt 【临时抱佛脚必备系列】,Leo在这
【Udemy付费课程】使用 PyQt6 和 Qt 设计器进行 Python GUI 开发（中英文字幕）,疯狂滴小黑
PyQt5基础教程,YUzUY
PyQt5界面制作简单讲解,Silverfox_J
全网最全PyQt5开发实战教程,iTxtd123
PyQt 开发 —— 使用 Fluent 组件（零基础）,回不去的那个世界
PyQt-Fluent-Pro 组件库，支持多种图表和更多组件,之一Yo
【GUI酒店管理系统】基于Python+PyQt5+MySQL的GUI酒店管理系统项目实战教程,兵慌码乱
PyQt5开发与实战,萧曵__
